{
    "GAN": {
        "fold_4": {
            "frr": [
                0.16231884057971013
            ],
            "far": [
                0.23278985507246377
            ],
            "acc": [
                0.8024456521739131
            ],
            "loss_d": [
                0.8441573977470398,
                0.3597721755504608,
                1.1103190183639526,
                1.411203145980835,
                1.411907434463501,
                1.4151595830917358,
                1.425740122795105,
                1.4146640300750732,
                1.4056553840637207,
                1.4009088277816772,
                1.4024842977523804,
                1.4015157222747803,
                1.4050801992416382,
                1.4038670063018799,
                1.3981468677520752,
                1.3949246406555176,
                1.3919798135757446,
                1.3869038820266724,
                1.373907208442688,
                1.3251994848251343
            ],
            "loss_g": [
                62.413414001464844,
                11.569575309753418,
                2.3097000122070312,
                0.568840742111206,
                0.5732210874557495,
                0.5777978897094727,
                0.5742794275283813,
                0.5752739906311035,
                0.5601401925086975,
                0.5634928345680237,
                0.5634004473686218,
                0.5668164491653442,
                0.5660972595214844,
                0.5654202699661255,
                0.5610706806182861,
                0.5647222995758057,
                0.5685144066810608,
                0.5759601593017578,
                0.5901272296905518,
                0.6363016366958618
            ]
        }
    }
}