{
    "GAN": {
        "fold_0": {
            "frr": [
                0.1355072463768116
            ],
            "far": [
                0.22192028985507245
            ],
            "acc": [
                0.8212862318840579
            ],
            "loss_d": [
                0.9590654373168945,
                0.30414366722106934,
                0.6120694279670715,
                1.4136061668395996,
                1.412174105644226,
                1.411206603050232,
                1.4245308637619019,
                1.423304557800293,
                1.405784010887146,
                1.4003132581710815,
                1.4002021551132202,
                1.4029510021209717,
                1.396860122680664,
                1.3948477506637573,
                1.3819103240966797,
                1.3627523183822632,
                1.3172191381454468,
                1.2743659019470215,
                1.2369492053985596,
                1.2264922857284546
            ],
            "loss_g": [
                269.623046875,
                37.49079895019531,
                6.650271415710449,
                0.6408120393753052,
                0.5778438448905945,
                0.575090765953064,
                0.5828712582588196,
                0.5745102763175964,
                0.5591925978660583,
                0.5699545741081238,
                0.5709473490715027,
                0.5724515318870544,
                0.5770642161369324,
                0.5807346105575562,
                0.587711751461029,
                0.6049756407737732,
                0.6497255563735962,
                0.6853337287902832,
                0.7278790473937988,
                0.7399558424949646
            ]
        }
    }
}