{
    "GAN": {
        "fold_2": {
            "frr": [
                0.0963768115942029
            ],
            "far": [
                0.2920289855072464
            ],
            "acc": [
                0.8057971014492754
            ],
            "loss_d": [
                1.0592373609542847,
                0.3056824803352356,
                1.0433692932128906,
                1.4169667959213257,
                1.4115862846374512,
                1.4138563871383667,
                1.4157354831695557,
                1.414044976234436,
                1.4043877124786377,
                1.4001798629760742,
                1.3999075889587402,
                1.4014159440994263,
                1.4039849042892456,
                1.4000957012176514,
                1.3945258855819702,
                1.386322021484375,
                1.3558921813964844,
                1.3113527297973633,
                1.2476778030395508,
                1.1997135877609253
            ],
            "loss_g": [
                100.68597412109375,
                10.124326705932617,
                3.9281582832336426,
                0.6337549686431885,
                0.5727725625038147,
                0.5788856744766235,
                0.5838459134101868,
                0.577063262462616,
                0.5585342645645142,
                0.5638486742973328,
                0.570266842842102,
                0.5651010274887085,
                0.5666690468788147,
                0.5719287395477295,
                0.5714985728263855,
                0.5758370161056519,
                0.6103528738021851,
                0.6486577987670898,
                0.7101585268974304,
                0.7528504729270935
            ]
        }
    }
}