{
    "GAN": {
        "fold_3": {
            "frr": [
                0.14329710144927535
            ],
            "far": [
                0.2927536231884058
            ],
            "acc": [
                0.7819746376811594
            ],
            "loss_d": [
                1.3954029083251953,
                1.3912562131881714,
                1.4062503576278687,
                1.4105406999588013,
                1.4148041009902954,
                1.427319884300232,
                1.4181991815567017,
                1.4128522872924805,
                1.4031543731689453,
                1.4019508361816406,
                1.4003270864486694,
                1.3981096744537354,
                1.3993943929672241,
                1.394180178642273,
                1.3810548782348633,
                1.3529587984085083,
                1.2849059104919434,
                1.2424546480178833,
                1.2018969058990479,
                1.1665257215499878
            ],
            "loss_g": [
                270.9915466308594,
                1.221816897392273,
                0.5821309685707092,
                0.5697371363639832,
                0.5740047097206116,
                0.5748934149742126,
                0.5744803547859192,
                0.5796306133270264,
                0.5633348822593689,
                0.5652400255203247,
                0.568757176399231,
                0.5737310647964478,
                0.5752198100090027,
                0.5846584439277649,
                0.5890297293663025,
                0.6180248260498047,
                0.6753916144371033,
                0.7208608388900757,
                0.7698460221290588,
                0.797518789768219
            ]
        }
    }
}