{
    "GAN": {
        "fold_1": {
            "frr": [
                0.2128623188405797
            ],
            "far": [
                0.15344202898550724
            ],
            "acc": [
                0.8168478260869565
            ],
            "loss_d": [
                0.9494133591651917,
                0.32628974318504333,
                0.8134520649909973,
                1.367825984954834,
                1.4130524396896362,
                1.417195439338684,
                1.4121025800704956,
                1.4159048795700073,
                1.4054137468338013,
                1.4006884098052979,
                1.3997195959091187,
                1.4010238647460938,
                1.3970344066619873,
                1.3955504894256592,
                1.3690052032470703,
                1.3370493650436401,
                1.2909730672836304,
                1.2340419292449951,
                1.1992048025131226,
                1.1634072065353394
            ],
            "loss_g": [
                406.56976318359375,
                15.155596733093262,
                5.799603462219238,
                0.9552986025810242,
                0.580332338809967,
                0.5839880108833313,
                0.5858471989631653,
                0.5764431357383728,
                0.5606663823127747,
                0.5680350065231323,
                0.5710756778717041,
                0.5705932974815369,
                0.5768967270851135,
                0.5799095630645752,
                0.6034443378448486,
                0.6317403316497803,
                0.680566668510437,
                0.726326584815979,
                0.7640758156776428,
                0.8085072636604309
            ]
        }
    }
}