{
    "GAN": {
        "fold_1": {
            "frr": [
                0.23351449275362318
            ],
            "far": [],
            "acc": [
                0.7885869565217392
            ],
            "loss_d": [
                0.27953460812568665,
                0.2701719403266907,
                0.37995895743370056,
                1.2529512643814087,
                1.3857747316360474,
                1.382959008216858,
                1.3797082901000977,
                1.372050166130066,
                1.3624536991119385,
                1.366559624671936,
                1.366335391998291,
                1.3649160861968994,
                1.3671208620071411,
                1.3607434034347534,
                1.3554484844207764,
                1.3577181100845337,
                1.3605260848999023,
                1.3598333597183228,
                1.3606042861938477,
                1.3562604188919067
            ],
            "loss_g": [
                5.376534938812256,
                5.631968021392822,
                5.845860004425049,
                1.084599494934082,
                0.5801698565483093,
                0.5760834217071533,
                0.5819446444511414,
                0.5918024778366089,
                0.5936504602432251,
                0.5926269888877869,
                0.5929124355316162,
                0.5938990116119385,
                0.5906843543052673,
                0.5976188778877258,
                0.5990270972251892,
                0.5983035564422607,
                0.5971474051475525,
                0.5972004532814026,
                0.597064733505249,
                0.6004335880279541
            ]
        }
    }
}