{
    "GAN": {
        "fold_3": {
            "frr": [
                0.4583333333333333
            ],
            "far": [],
            "acc": [
                0.698822463768116
            ],
            "loss_d": [
                0.2800356447696686,
                0.2642899453639984,
                0.33052679896354675,
                1.1397475004196167,
                1.3861063718795776,
                1.3830959796905518,
                1.377071738243103,
                1.365810751914978,
                1.357878565788269,
                1.364903211593628,
                1.3629601001739502,
                1.361092209815979,
                1.3622241020202637,
                1.349364161491394,
                1.3422731161117554,
                1.3462532758712769,
                1.3471554517745972,
                1.345544457435608,
                1.3445931673049927,
                1.3312067985534668
            ],
            "loss_g": [
                5.286321640014648,
                5.538058757781982,
                6.520821571350098,
                1.5125876665115356,
                0.5867413878440857,
                0.5753809809684753,
                0.5851678848266602,
                0.5980673432350159,
                0.5997147560119629,
                0.5928959250450134,
                0.5952409505844116,
                0.5953220129013062,
                0.5970478057861328,
                0.6068586707115173,
                0.6082652807235718,
                0.6080139875411987,
                0.6073077321052551,
                0.6078013777732849,
                0.6102981567382812,
                0.6226152777671814
            ]
        }
    }
}