{
    "GAN": {
        "fold_0": {
            "frr": [
                0.1815217391304348
            ],
            "far": [
                0.33894927536231884
            ],
            "acc": [
                0.7397644927536232
            ],
            "loss_d": [
                0.27957916259765625,
                0.2655896246433258,
                0.38948696851730347,
                1.2203397750854492,
                1.384277105331421,
                1.3805779218673706,
                1.376258134841919,
                1.3648827075958252,
                1.3540674448013306,
                1.3607356548309326,
                1.3614180088043213,
                1.3603581190109253,
                1.360870599746704,
                1.3500213623046875,
                1.3381606340408325,
                1.344613790512085,
                1.3406426906585693,
                1.3336366415023804,
                1.3250354528427124,
                1.3086342811584473
            ],
            "loss_g": [
                5.426384925842285,
                5.672564506530762,
                5.624680042266846,
                1.1596249341964722,
                0.5876172184944153,
                0.5770793557167053,
                0.5870695114135742,
                0.6007583141326904,
                0.6025967001914978,
                0.5963872075080872,
                0.5972540974617004,
                0.5979568958282471,
                0.5966261625289917,
                0.6062755584716797,
                0.612373948097229,
                0.6093058586120605,
                0.6122234463691711,
                0.6184955835342407,
                0.6302343606948853,
                0.6469438076019287
            ]
        }
    }
}