{
    "GAN": {
        "fold_2": {
            "frr": [
                0.21195652173913043
            ],
            "far": [],
            "acc": [
                0.7769927536231884
            ],
            "loss_d": [
                0.27950459718704224,
                0.2705847918987274,
                0.414835661649704,
                1.3023500442504883,
                1.3817789554595947,
                1.3824377059936523,
                1.3776330947875977,
                1.3669472932815552,
                1.3551911115646362,
                1.3534787893295288,
                1.3514516353607178,
                1.352997899055481,
                1.3541326522827148,
                1.3467378616333008,
                1.3393949270248413,
                1.3457177877426147,
                1.346352458000183,
                1.3464356660842896,
                1.3483450412750244,
                1.339803695678711
            ],
            "loss_g": [
                5.373768329620361,
                5.439813137054443,
                4.979856967926025,
                0.9197754263877869,
                0.5922091007232666,
                0.5748512744903564,
                0.5815384984016418,
                0.5948386788368225,
                0.6004571914672852,
                0.6038072109222412,
                0.604111909866333,
                0.6044036746025085,
                0.6026766300201416,
                0.6083742380142212,
                0.6113500595092773,
                0.6071000099182129,
                0.6057915687561035,
                0.6065553426742554,
                0.6060607433319092,
                0.6137745976448059
            ]
        }
    }
}