{
    "GAN": {
        "fold_4": {
            "frr": [
                0.2594202898550725
            ],
            "far": [],
            "acc": [
                0.7926630434782609
            ],
            "loss_d": [
                0.2798176407814026,
                0.2682286500930786,
                0.35207173228263855,
                1.1686134338378906,
                1.3869974613189697,
                1.3882614374160767,
                1.3801805973052979,
                1.372974157333374,
                1.3682905435562134,
                1.3702043294906616,
                1.3683862686157227,
                1.367194652557373,
                1.3664371967315674,
                1.35997474193573,
                1.3521409034729004,
                1.3571401834487915,
                1.3599015474319458,
                1.3594965934753418,
                1.3588284254074097,
                1.3530830144882202
            ],
            "loss_g": [
                5.369385719299316,
                5.768328666687012,
                5.979199409484863,
                1.3880393505096436,
                0.5824213027954102,
                0.5694764256477356,
                0.5772977471351624,
                0.5855181813240051,
                0.5903879404067993,
                0.5877839922904968,
                0.589723527431488,
                0.5911099910736084,
                0.5911464095115662,
                0.5966223478317261,
                0.5984222888946533,
                0.5979403257369995,
                0.5969787240028381,
                0.5954422354698181,
                0.596645176410675,
                0.6017979383468628
            ]
        }
    }
}