{
    "GAN": {
        "fold_3": {
            "frr": [
                0.16677989130434784
            ],
            "far": [
                0.22803442028985507
            ],
            "acc": [
                0.8025928442028986
            ],
            "loss_d": [
                0.6501888036727905,
                1.085247278213501,
                1.4144892692565918,
                1.4201784133911133,
                1.4157564640045166,
                1.4150404930114746,
                1.4152404069900513,
                1.402013897895813,
                1.3951717615127563,
                1.3876365423202515,
                1.3804094791412354,
                1.3594692945480347,
                1.3292144536972046,
                1.2718696594238281,
                1.239774465560913,
                1.206156849861145,
                1.181876301765442,
                1.1652730703353882,
                1.1427667140960693,
                1.1268635988235474,
                1.1250839233398438,
                1.1188198328018188,
                1.1142408847808838,
                1.1131922006607056,
                1.110210657119751
            ],
            "loss_g": [
                20.598352432250977,
                2.454617738723755,
                0.5727762579917908,
                0.5779187679290771,
                0.5780179500579834,
                0.5742617845535278,
                0.5742636919021606,
                0.5673549771308899,
                0.5774046778678894,
                0.5898159146308899,
                0.5987846851348877,
                0.6199917793273926,
                0.6516813635826111,
                0.6963447332382202,
                0.7273868918418884,
                0.7643413543701172,
                0.7889081835746765,
                0.8123345375061035,
                0.8294013142585754,
                0.8358669281005859,
                0.8364306688308716,
                0.851370096206665,
                0.8560656905174255,
                0.8570249676704407,
                0.8589192628860474
            ]
        }
    }
}