{
    "GAN": {
        "fold_2": {
            "frr": [
                0.19089673913043478
            ],
            "far": [
                0.30242300724637683
            ],
            "acc": [
                0.7533401268115942
            ],
            "loss_d": [
                0.625550389289856,
                1.2924805879592896,
                1.409944772720337,
                1.4198979139328003,
                1.417912244796753,
                1.414825439453125,
                1.415435552597046,
                1.4020901918411255,
                1.397889256477356,
                1.3973935842514038,
                1.3946666717529297,
                1.384799599647522,
                1.371049165725708,
                1.3339729309082031,
                1.292829990386963,
                1.2499030828475952,
                1.2159031629562378,
                1.1968992948532104,
                1.17616868019104,
                1.1438719034194946,
                1.1376630067825317,
                1.129831314086914,
                1.120113492012024,
                1.117072343826294,
                1.1159464120864868
            ],
            "loss_g": [
                42.69765853881836,
                1.4260692596435547,
                0.5723047256469727,
                0.5783074498176575,
                0.5756925344467163,
                0.57716304063797,
                0.5750391483306885,
                0.5664887428283691,
                0.5731586217880249,
                0.5774034857749939,
                0.5800592303276062,
                0.5907594561576843,
                0.6085174083709717,
                0.6358686089515686,
                0.6764380931854248,
                0.7227907776832581,
                0.7507297992706299,
                0.7706261277198792,
                0.7977294325828552,
                0.8210374116897583,
                0.8297269344329834,
                0.8426035642623901,
                0.8604810237884521,
                0.866366446018219,
                0.8648040294647217
            ]
        }
    }
}