{
    "GAN": {
        "fold_1": {
            "frr": [
                0.20233242753623187
            ],
            "far": [
                0.3357110507246377
            ],
            "acc": [
                0.7309782608695652
            ],
            "loss_d": [
                0.6074907779693604,
                1.0487500429153442,
                1.4119540452957153,
                1.4145814180374146,
                1.4182765483856201,
                1.4179190397262573,
                1.4161053895950317,
                1.4036108255386353,
                1.391053318977356,
                1.387563943862915,
                1.3721922636032104,
                1.3501715660095215,
                1.3250585794448853,
                1.275695562362671,
                1.2588622570037842,
                1.2120054960250854,
                1.18097722530365,
                1.1635346412658691,
                1.1489007472991943,
                1.1354995965957642,
                1.1231074333190918,
                1.1168888807296753,
                1.1189957857131958,
                1.1114259958267212,
                1.1099674701690674
            ],
            "loss_g": [
                51.258827209472656,
                3.238368034362793,
                0.5749179720878601,
                0.5788173079490662,
                0.5736565589904785,
                0.5768551826477051,
                0.5782077312469482,
                0.5661221742630005,
                0.5813574194908142,
                0.5888461470603943,
                0.606869637966156,
                0.628147304058075,
                0.6508480906486511,
                0.6854700446128845,
                0.7052218317985535,
                0.7527182102203369,
                0.7868974208831787,
                0.8078128099441528,
                0.8243982195854187,
                0.8303200006484985,
                0.8509595394134521,
                0.864497184753418,
                0.8632116317749023,
                0.8747680187225342,
                0.8804466128349304
            ]
        }
    }
}