{
    "GAN": {
        "fold_0": {
            "frr": [
                0.19802989130434784
            ],
            "far": [
                0.21195652173913043
            ],
            "acc": [
                0.7950067934782609
            ],
            "loss_d": [
                0.6243792772293091,
                0.9620460867881775,
                1.4119502305984497,
                1.4154270887374878,
                1.4165006875991821,
                1.4175246953964233,
                1.4161098003387451,
                1.4025590419769287,
                1.400681495666504,
                1.3968017101287842,
                1.3968628644943237,
                1.391182541847229,
                1.383797287940979,
                1.366047978401184,
                1.3338457345962524,
                1.2910308837890625,
                1.2525784969329834,
                1.22000253200531,
                1.1937074661254883,
                1.1765375137329102,
                1.1607165336608887,
                1.1485861539840698,
                1.1365538835525513,
                1.1299140453338623,
                1.125980019569397
            ],
            "loss_g": [
                50.61807632446289,
                3.232930898666382,
                0.5730319023132324,
                0.5767155885696411,
                0.5763168334960938,
                0.5784276127815247,
                0.5753568410873413,
                0.5639681220054626,
                0.5696650743484497,
                0.5756720900535583,
                0.5775928497314453,
                0.584029495716095,
                0.5940040349960327,
                0.6057338714599609,
                0.6334309577941895,
                0.6741111874580383,
                0.7134793996810913,
                0.7472618818283081,
                0.7701849341392517,
                0.7891871333122253,
                0.8026564717292786,
                0.821523904800415,
                0.8327489495277405,
                0.8385224342346191,
                0.8404784202575684
            ]
        }
    }
}