{
    "GAN": {
        "fold_4": {
            "frr": [
                0.1827445652173913
            ],
            "far": [
                0.24762228260869565
            ],
            "acc": [
                0.7848165760869565
            ],
            "loss_d": [
                0.6550265550613403,
                0.95986008644104,
                1.4104204177856445,
                1.4209505319595337,
                1.4194693565368652,
                1.4167463779449463,
                1.4160230159759521,
                1.4021557569503784,
                1.3987551927566528,
                1.3927456140518188,
                1.3856005668640137,
                1.375614047050476,
                1.3687841892242432,
                1.3215861320495605,
                1.2898136377334595,
                1.2522814273834229,
                1.2197318077087402,
                1.2035249471664429,
                1.1811074018478394,
                1.1538710594177246,
                1.1472318172454834,
                1.138180136680603,
                1.1289249658584595,
                1.1219909191131592,
                1.1193509101867676
            ],
            "loss_g": [
                74.59651184082031,
                3.2665092945098877,
                0.57268226146698,
                0.5769003629684448,
                0.5777471661567688,
                0.5729889869689941,
                0.5764281749725342,
                0.5647000074386597,
                0.5745568871498108,
                0.579409658908844,
                0.5894737839698792,
                0.6022800207138062,
                0.608923077583313,
                0.6442105770111084,
                0.6731641292572021,
                0.7131224870681763,
                0.7427389025688171,
                0.763420820236206,
                0.7861480116844177,
                0.805811882019043,
                0.810944139957428,
                0.8268201947212219,
                0.833512544631958,
                0.8475751876831055,
                0.8509886264801025
            ]
        }
    }
}