{
    "GAN": {
        "fold_1": {
            "frr": [
                0.23007246376811594
            ],
            "far": [
                0.26834239130434784
            ],
            "acc": [
                0.7507925724637681
            ],
            "loss_d": [
                0.6076688170433044,
                0.9875116944313049,
                1.4108108282089233,
                1.4149397611618042,
                1.4277582168579102,
                1.4133541584014893,
                1.4217488765716553,
                1.4009841680526733,
                1.3939741849899292,
                1.3923267126083374,
                1.379675269126892,
                1.3644530773162842,
                1.3306361436843872,
                1.277192234992981,
                1.24091637134552
            ],
            "loss_g": [
                47.04684066772461,
                3.330223321914673,
                0.572624921798706,
                0.5822669267654419,
                0.5736089944839478,
                0.5792956352233887,
                0.5782029032707214,
                0.5705684423446655,
                0.579407274723053,
                0.5841982364654541,
                0.5996259450912476,
                0.6152057647705078,
                0.648493230342865,
                0.6884538531303406,
                0.7256032228469849
            ]
        }
    }
}