{
    "GAN": {
        "fold_2": {
            "frr": [
                0.24535778985507245
            ],
            "far": [
                0.22588315217391305
            ],
            "acc": [
                0.7643795289855072
            ],
            "loss_d": [
                0.6990007162094116,
                0.9973819255828857,
                1.4106765985488892,
                1.4146648645401,
                1.4207088947296143,
                1.4168375730514526,
                1.4181203842163086,
                1.4058423042297363,
                1.3983027935028076,
                1.395293116569519,
                1.394219994544983,
                1.3902963399887085,
                1.379654049873352,
                1.357309341430664,
                1.3281850814819336
            ],
            "loss_g": [
                45.53162384033203,
                2.9545321464538574,
                0.5731023550033569,
                0.5792359709739685,
                0.5776963233947754,
                0.5786898136138916,
                0.5764174461364746,
                0.5623989701271057,
                0.5725002884864807,
                0.5772201418876648,
                0.5805554986000061,
                0.5835544466972351,
                0.5995544195175171,
                0.6142467260360718,
                0.6442766189575195
            ]
        }
    }
}