{
    "GAN": {
        "fold_4": {
            "frr": [
                0.21365489130434784
            ],
            "far": [
                0.26313405797101447
            ],
            "acc": [
                0.7616055253623188
            ],
            "loss_d": [
                0.6592605710029602,
                1.1314289569854736,
                1.4102956056594849,
                1.4188594818115234,
                1.42283034324646,
                1.41617751121521,
                1.4189143180847168,
                1.398642897605896,
                1.3905116319656372,
                1.381212830543518,
                1.3685247898101807,
                1.343306541442871,
                1.3176610469818115,
                1.2662948369979858,
                1.2449657917022705
            ],
            "loss_g": [
                83.48675537109375,
                2.569589138031006,
                0.5724618434906006,
                0.5762026906013489,
                0.578854501247406,
                0.5780085325241089,
                0.5759715437889099,
                0.5715650320053101,
                0.5837823748588562,
                0.5960107445716858,
                0.6099854707717896,
                0.6339497566223145,
                0.6626299619674683,
                0.6972015500068665,
                0.7182126641273499
            ]
        }
    }
}