{
    "GAN": {
        "fold_0": {
            "frr": [
                0.19621829710144928
            ],
            "far": [
                0.34057971014492755
            ],
            "acc": [
                0.7316009963768116
            ],
            "loss_d": [
                0.6180698871612549,
                0.8624399304389954,
                1.414894700050354,
                1.4188992977142334,
                1.4130065441131592,
                1.418573021888733,
                1.4178131818771362,
                1.4015296697616577,
                1.3954509496688843,
                1.396449089050293,
                1.3906344175338745,
                1.3828562498092651,
                1.3728817701339722,
                1.330464243888855,
                1.2866108417510986
            ],
            "loss_g": [
                131.5101318359375,
                4.009012222290039,
                0.5729740262031555,
                0.5765432119369507,
                0.5794230103492737,
                0.5781751871109009,
                0.578987717628479,
                0.5680050253868103,
                0.5759311318397522,
                0.5806875824928284,
                0.5865451097488403,
                0.5939957499504089,
                0.6048457622528076,
                0.6383781433105469,
                0.6777963042259216
            ]
        }
    }
}