{
    "GAN": {
        "fold_3": {
            "frr": [
                0.15794836956521738
            ],
            "far": [
                0.26268115942028986
            ],
            "acc": [
                0.7896852355072463
            ],
            "loss_d": [
                0.6717686653137207,
                0.9835886359214783,
                1.4147030115127563,
                1.4142321348190308,
                1.4157215356826782,
                1.4144954681396484,
                1.4214328527450562,
                1.4000025987625122,
                1.3972402811050415,
                1.3948776721954346,
                1.3913390636444092,
                1.3844622373580933,
                1.3693034648895264,
                1.3214950561523438,
                1.290067195892334
            ],
            "loss_g": [
                21.09125328063965,
                3.233910322189331,
                0.5728060603141785,
                0.5831298828125,
                0.5804333686828613,
                0.5780999064445496,
                0.5757929086685181,
                0.5678812265396118,
                0.574420154094696,
                0.5800325870513916,
                0.587135910987854,
                0.5927083492279053,
                0.6112015843391418,
                0.6495089530944824,
                0.6826153993606567
            ]
        }
    }
}