{
    "GAN": {
        "fold_3": {
            "frr": [
                0.12669836956521738
            ],
            "far": [],
            "acc": [
                0.8356544384057971
            ],
            "loss_d": [
                0.27421265840530396,
                0.5411674976348877,
                1.3817744255065918,
                1.3831568956375122,
                1.3762184381484985,
                1.3632934093475342,
                1.3519164323806763,
                1.337204933166504,
                1.3402433395385742,
                1.3399536609649658,
                1.3411091566085815,
                1.3283072710037231,
                1.3148521184921265,
                1.3027821779251099,
                1.310986876487732,
                1.311956763267517,
                1.317190408706665,
                1.3101563453674316,
                1.3013863563537598,
                1.2939131259918213
            ],
            "loss_g": [
                5.551482677459717,
                4.204850196838379,
                0.6208400726318359,
                0.5756685733795166,
                0.5848772525787354,
                0.5996235609054565,
                0.6135968565940857,
                0.6202000975608826,
                0.6178948879241943,
                0.6178235411643982,
                0.6160834431648254,
                0.626057505607605,
                0.6403316855430603,
                0.6450055837631226,
                0.637673020362854,
                0.6362897753715515,
                0.6312876343727112,
                0.6370290517807007,
                0.6460225582122803,
                0.651453971862793
            ]
        }
    }
}