{
    "GAN": {
        "fold_0": {
            "frr": [
                0.17651721014492755
            ],
            "far": [
                0.1872735507246377
            ],
            "acc": [
                0.8181046195652174
            ],
            "loss_d": [
                0.27664482593536377,
                0.5260607004165649,
                1.380286455154419,
                1.3804254531860352,
                1.3697491884231567,
                1.3569962978363037,
                1.339969277381897,
                1.320719599723816,
                1.324623942375183,
                1.3210206031799316,
                1.3257465362548828,
                1.3088083267211914,
                1.294364094734192,
                1.2798925638198853,
                1.2841869592666626,
                1.284934163093567,
                1.2931413650512695,
                1.2851849794387817,
                1.2739185094833374,
                1.2637633085250854
            ],
            "loss_g": [
                5.326251029968262,
                4.231235980987549,
                0.6035848259925842,
                0.577944278717041,
                0.592065155506134,
                0.6060001254081726,
                0.6247938275337219,
                0.6363678574562073,
                0.6328033804893494,
                0.6357225179672241,
                0.6302698254585266,
                0.6471430659294128,
                0.6607343554496765,
                0.6688541769981384,
                0.6634397506713867,
                0.6610783934593201,
                0.6558055877685547,
                0.6618891358375549,
                0.674902081489563,
                0.6808068752288818
            ]
        }
    }
}