{
    "GAN": {
        "fold_1": {
            "frr": [
                0.3008378623188406
            ],
            "far": [
                0.16021286231884058
            ],
            "acc": [
                0.7694746376811594
            ],
            "loss_d": [
                0.27510035037994385,
                0.5313705205917358,
                1.3708524703979492,
                1.3804904222488403,
                1.368834376335144,
                1.354594349861145,
                1.3413912057876587,
                1.3212244510650635,
                1.3250771760940552,
                1.3210418224334717,
                1.3245985507965088,
                1.312684178352356,
                1.2956289052963257,
                1.281710147857666,
                1.2845641374588013,
                1.278235912322998,
                1.2797168493270874,
                1.2694191932678223,
                1.2591395378112793,
                1.2463297843933105
            ],
            "loss_g": [
                5.33526086807251,
                4.1822309494018555,
                0.6485950946807861,
                0.5810585618019104,
                0.5950490832328796,
                0.6103261113166809,
                0.6217364072799683,
                0.6345170736312866,
                0.6334253549575806,
                0.6366377472877502,
                0.6313434839248657,
                0.642947793006897,
                0.6605323553085327,
                0.6659031510353088,
                0.6649431586265564,
                0.671242892742157,
                0.6703229546546936,
                0.6827235817909241,
                0.6911022067070007,
                0.7050846815109253
            ]
        }
    }
}