{
    "GAN": {
        "fold_4": {
            "frr": [
                0.22984601449275363
            ],
            "far": [],
            "acc": [
                0.8077445652173914
            ],
            "loss_d": [
                0.2747078835964203,
                0.49687206745147705,
                1.3751401901245117,
                1.3820698261260986,
                1.3741706609725952,
                1.3586633205413818,
                1.3415262699127197,
                1.3245209455490112,
                1.330173373222351,
                1.3316185474395752,
                1.3317183256149292,
                1.3145534992218018,
                1.3029605150222778,
                1.2886791229248047,
                1.2945815324783325,
                1.2913388013839722,
                1.299092173576355,
                1.2930713891983032,
                1.2815901041030884,
                1.269668698310852
            ],
            "loss_g": [
                5.3236002922058105,
                4.391851425170898,
                0.6405928134918213,
                0.5772761106491089,
                0.5881634950637817,
                0.6050830483436584,
                0.6240323185920715,
                0.6323133707046509,
                0.6263894438743591,
                0.6265299320220947,
                0.6243751049041748,
                0.6408848166465759,
                0.6542038917541504,
                0.6612677574157715,
                0.6554868817329407,
                0.6565802693367004,
                0.6497133374214172,
                0.6543417572975159,
                0.665159285068512,
                0.6751645803451538
            ]
        }
    }
}