{
    "GAN": {
        "fold_2": {
            "frr": [
                0.22701539855072464
            ],
            "far": [],
            "acc": [
                0.7991961050724637
            ],
            "loss_d": [
                0.27574700117111206,
                0.5240299105644226,
                1.3718061447143555,
                1.3811304569244385,
                1.3700752258300781,
                1.3578764200210571,
                1.3391997814178467,
                1.3258240222930908,
                1.3311656713485718,
                1.3308724164962769,
                1.3332186937332153,
                1.3208552598953247,
                1.309470772743225,
                1.2937541007995605,
                1.2988028526306152,
                1.2992160320281982,
                1.3055205345153809,
                1.2974473237991333,
                1.287404179573059,
                1.2777231931686401
            ],
            "loss_g": [
                5.317035675048828,
                4.082977294921875,
                0.6423276662826538,
                0.5787409543991089,
                0.5924201011657715,
                0.6067638397216797,
                0.624478280544281,
                0.6307893991470337,
                0.6284905076026917,
                0.6259299516677856,
                0.6218661665916443,
                0.6342432498931885,
                0.6472276449203491,
                0.6534088850021362,
                0.6477004289627075,
                0.6478264331817627,
                0.6407483816146851,
                0.6474891901016235,
                0.6574687957763672,
                0.6640616655349731
            ]
        }
    }
}