{
    "GAN": {
        "fold_4": {
            "frr": [
                0.00032938076416337287
            ],
            "far": [
                0.00230566534914361
            ],
            "acc": [
                0.9986824769433466
            ],
            "loss_d": [
                0.7357112169265747,
                0.26571813225746155,
                0.6416853666305542,
                1.4645168781280518,
                1.3909844160079956,
                1.4074654579162598,
                1.4159302711486816,
                1.4124828577041626,
                1.4043567180633545,
                1.3987077474594116,
                1.4024592638015747,
                1.4009454250335693,
                1.3998581171035767,
                1.4036383628845215,
                1.3967729806900024,
                1.3956741094589233,
                1.3946384191513062,
                1.3971149921417236,
                1.3956233263015747,
                1.3981518745422363,
                1.3947566747665405,
                1.3943169116973877,
                1.392676591873169,
                1.3930251598358154,
                1.390658974647522
            ],
            "loss_g": [
                135.75650024414062,
                109.40282440185547,
                24.743494033813477,
                0.7521085739135742,
                0.6039968729019165,
                0.5765664577484131,
                0.5763879418373108,
                0.5819535851478577,
                0.5582166910171509,
                0.5722392201423645,
                0.5657682418823242,
                0.5673581957817078,
                0.5717794895172119,
                0.5660619139671326,
                0.5591031312942505,
                0.5577725172042847,
                0.5617251396179199,
                0.5602800250053406,
                0.5563845038414001,
                0.5613569617271423,
                0.5587878823280334,
                0.5544613599777222,
                0.5574999451637268,
                0.5615927577018738,
                0.5605200529098511
            ]
        }
    }
}