{
    "GAN": {
        "fold_0": {
            "frr": [
                0.0
            ],
            "far": [
                0.00461133069828722
            ],
            "acc": [
                0.9976943346508564
            ],
            "loss_d": [
                0.7383134961128235,
                0.5291925072669983,
                1.0517076253890991,
                1.4764859676361084,
                1.3557391166687012,
                1.4043890237808228,
                1.4088244438171387,
                1.4105422496795654,
                1.404850959777832,
                1.4001915454864502,
                1.4031989574432373,
                1.401295781135559,
                1.403648853302002,
                1.4006422758102417,
                1.3988957405090332,
                1.3943167924880981,
                1.393487811088562,
                1.3946956396102905,
                1.3931299448013306,
                1.3926866054534912,
                1.3953052759170532,
                1.3924028873443604,
                1.3913261890411377,
                1.3941988945007324,
                1.3890445232391357
            ],
            "loss_g": [
                296.9007568359375,
                90.23405456542969,
                4.71411657333374,
                0.8503689765930176,
                0.6361929774284363,
                0.5797957181930542,
                0.5813283920288086,
                0.5826758146286011,
                0.5684439539909363,
                0.5677328705787659,
                0.5734990239143372,
                0.5648969411849976,
                0.5659111142158508,
                0.5634532570838928,
                0.5584903359413147,
                0.5607407093048096,
                0.558755099773407,
                0.5620497465133667,
                0.5606873631477356,
                0.5627946257591248,
                0.5568786859512329,
                0.5619134902954102,
                0.5589061975479126,
                0.5593763589859009,
                0.5598790049552917
            ]
        }
    }
}