{
    "GAN": {
        "fold_2": {
            "frr": [
                0.0013175230566534915
            ],
            "far": [
                0.0
            ],
            "acc": [
                0.9993412384716732
            ],
            "loss_d": [
                0.7207902669906616,
                0.35982802510261536,
                0.5752789974212646,
                1.4043363332748413,
                1.3773969411849976,
                1.4094988107681274,
                1.4084622859954834,
                1.4103288650512695,
                1.403037667274475,
                1.3999178409576416,
                1.403855562210083,
                1.404388189315796,
                1.4027774333953857,
                1.40403413772583,
                1.3988492488861084,
                1.3972595930099487,
                1.395296573638916,
                1.3961771726608276,
                1.3971573114395142,
                1.3930529356002808,
                1.3947954177856445,
                1.3933578729629517,
                1.3942711353302002,
                1.3910784721374512,
                1.3884687423706055
            ],
            "loss_g": [
                128.96795654296875,
                55.567562103271484,
                7.734455585479736,
                0.6852812170982361,
                0.6077396869659424,
                0.568943202495575,
                0.5773403644561768,
                0.5820893049240112,
                0.5604243278503418,
                0.5658063888549805,
                0.5649322271347046,
                0.566737711429596,
                0.5625973343849182,
                0.5676416754722595,
                0.553682804107666,
                0.5574868321418762,
                0.5582500696182251,
                0.5626400709152222,
                0.5553817749023438,
                0.5602325797080994,
                0.5603905320167542,
                0.5585824847221375,
                0.5586479902267456,
                0.5637530088424683,
                0.5620683431625366
            ]
        }
    }
}