{
    "GAN": {
        "fold_1": {
            "frr": [
                0.0006587615283267457
            ],
            "far": [
                0.0
            ],
            "acc": [
                0.9996706192358367
            ],
            "loss_d": [
                0.7220920324325562,
                0.25713786482810974,
                1.398348331451416,
                1.4113354682922363,
                1.3984321355819702,
                1.4137506484985352,
                1.410965919494629,
                1.409029483795166,
                1.4016413688659668,
                1.4016931056976318,
                1.401153802871704,
                1.4004933834075928,
                1.4047521352767944,
                1.4019056558609009,
                1.3970857858657837,
                1.3943670988082886,
                1.3937430381774902,
                1.3969148397445679,
                1.3974641561508179,
                1.3974316120147705,
                1.3939018249511719,
                1.3918834924697876,
                1.3917770385742188,
                1.3898932933807373,
                1.3905681371688843
            ],
            "loss_g": [
                1007.1036987304688,
                53.15399932861328,
                4.387294292449951,
                0.652334988117218,
                0.5873966813087463,
                0.568969190120697,
                0.569542407989502,
                0.5853950381278992,
                0.5651112198829651,
                0.5601758360862732,
                0.5705707669258118,
                0.5720124840736389,
                0.5648850798606873,
                0.5652347803115845,
                0.5588638782501221,
                0.5612460970878601,
                0.5636724233627319,
                0.5618353486061096,
                0.5611756443977356,
                0.5590884685516357,
                0.5591561794281006,
                0.5581640005111694,
                0.5590847730636597,
                0.5625710487365723,
                0.5592665076255798
            ]
        }
    }
}