{
    "GAN": {
        "fold_3": {
            "frr": [
                0.00032938076416337287
            ],
            "far": [
                0.0036231884057971015
            ],
            "acc": [
                0.9980237154150198
            ],
            "loss_d": [
                0.8290210962295532,
                0.26002269983291626,
                0.3267303705215454,
                1.392372965812683,
                1.3747893571853638,
                1.418381690979004,
                1.4084948301315308,
                1.4117674827575684,
                1.4035007953643799,
                1.39925217628479,
                1.4026645421981812,
                1.4039101600646973,
                1.4004251956939697,
                1.402787446975708,
                1.3969899415969849,
                1.3985408544540405,
                1.397485613822937,
                1.3918637037277222,
                1.3962852954864502,
                1.3936975002288818,
                1.3932652473449707,
                1.3907883167266846,
                1.3927475214004517,
                1.3907344341278076,
                1.3921126127243042
            ],
            "loss_g": [
                268.0155944824219,
                43.343082427978516,
                275.9102478027344,
                1.3102004528045654,
                0.6355740427970886,
                0.5704007744789124,
                0.5753474235534668,
                0.5845896601676941,
                0.563001275062561,
                0.5667731761932373,
                0.566493034362793,
                0.5687981247901917,
                0.5663372278213501,
                0.5673171877861023,
                0.5552484393119812,
                0.5584424138069153,
                0.5568704009056091,
                0.5585219860076904,
                0.561189591884613,
                0.5603231191635132,
                0.562252402305603,
                0.5564759373664856,
                0.5605285167694092,
                0.55929034948349,
                0.5599561333656311
            ]
        }
    }
}